apr_drg_code,facility_name,payment_typology_1,apr_severity_of_illness,patients,mean_length_of_stay,mean_total_charges_day,System,area_sqmi,Number of Beds
720,Bellevue Hospital Center,Blue Cross/Blue Shield,Major,4,14,6541.6675000000005,Health+,0.77,912
720,Bellevue Hospital Center,Blue Cross/Blue Shield,Minor,1,3,6103.62,Health+,0.77,912
720,Bellevue Hospital Center,Blue Cross/Blue Shield,Moderate,7,4.857142857142857,6945.73,Health+,0.77,912
720,Bellevue Hospital Center,Medicare,Extreme,45,13.133333333333333,7090.089777777778,Health+,0.77,912
720,Bellevue Hospital Center,Medicare,Major,76,10.039473684210526,6249.888289473684,Health+,0.77,912
720,Bellevue Hospital Center,Medicare,Minor,4,3.5,6480.6849999999995,Health+,0.77,912
720,Bellevue Hospital Center,Medicare,Moderate,36,9.444444444444445,6257.22,Health+,0.77,912
720,Bellevue Hospital Center,Private Health Insurance,Extreme,2,5.5,7081.82,Health+,0.77,912
720,Bellevue Hospital Center,Private Health Insurance,Major,2,5,6984.14,Health+,0.77,912
720,Bellevue Hospital Center,Private Health Insurance,Minor,1,3,6843.33,Health+,0.77,912
720,Bellevue Hospital Center,Private Health Insurance,Moderate,8,4.875,7073.02625,Health+,0.77,912
720,Bellevue Hospital Center,Self-Pay,Extreme,6,15.333333333333334,5669.335,Health+,0.77,912
720,Bellevue Hospital Center,Self-Pay,Major,21,9.571428571428571,6383.068571428571,Health+,0.77,912
720,Bellevue Hospital Center,Self-Pay,Moderate,10,4.1,7106.309,Health+,0.77,912
720,Bronx-Lebanon Hospital Center - Concourse Division,Blue Cross/Blue Shield,Extreme,4,3.5,9101.5275,Mount Sinai,2.194,415
720,Bronx-Lebanon Hospital Center - Concourse Division,Blue Cross/Blue Shield,Major,2,2.5,7747.07,Mount Sinai,2.194,415
720,Bronx-Lebanon Hospital Center - Concourse Division,Blue Cross/Blue Shield,Minor,3,4,3150.38,Mount Sinai,2.194,415
720,Bronx-Lebanon Hospital Center - Concourse Division,Blue Cross/Blue Shield,Moderate,4,4.25,3459.7325,Mount Sinai,2.194,415
720,Bronx-Lebanon Hospital Center - Concourse Division,Medicare,Extreme,124,10.766129032258064,4487.062822580645,Mount Sinai,2.194,415
720,Bronx-Lebanon Hospital Center - Concourse Division,Medicare,Major,157,7.171974522292993,3571.0482165605094,Mount Sinai,2.194,415
720,Bronx-Lebanon Hospital Center - Concourse Division,Medicare,Minor,5,3.6,3482.464,Mount Sinai,2.194,415
720,Bronx-Lebanon Hospital Center - Concourse Division,Medicare,Moderate,46,5.956521739130435,3260.411739130435,Mount Sinai,2.194,415
720,Bronx-Lebanon Hospital Center - Concourse Division,Private Health Insurance,Extreme,3,8.333333333333334,5968.556666666666,Mount Sinai,2.194,415
720,Bronx-Lebanon Hospital Center - Concourse Division,Private Health Insurance,Major,21,4.571428571428571,3995.519047619048,Mount Sinai,2.194,415
720,Bronx-Lebanon Hospital Center - Concourse Division,Private Health Insurance,Minor,5,4.2,3233.116,Mount Sinai,2.194,415
720,Bronx-Lebanon Hospital Center - Concourse Division,Private Health Insurance,Moderate,20,3.65,4133.268,Mount Sinai,2.194,415
720,Bronx-Lebanon Hospital Center - Concourse Division,Self-Pay,Extreme,1,23,2868.29,Mount Sinai,2.194,415
720,Bronx-Lebanon Hospital Center - Concourse Division,Self-Pay,Major,2,6.5,3351.035,Mount Sinai,2.194,415
720,Brookdale Hospital Medical Center,Blue Cross/Blue Shield,Extreme,2,10.5,4880.96,Others,14.72,530
720,Brookdale Hospital Medical Center,Blue Cross/Blue Shield,Major,5,5,5727.472,Others,14.72,530
720,Brookdale Hospital Medical Center,Blue Cross/Blue Shield,Moderate,3,4.666666666666667,4810.136666666666,Others,14.72,530
720,Brookdale Hospital Medical Center,Medicare,Extreme,93,9.89247311827957,9115.886129032258,Others,14.72,530
720,Brookdale Hospital Medical Center,Medicare,Major,121,7.743801652892562,6298.0134710743805,Others,14.72,530
720,Brookdale Hospital Medical Center,Medicare,Minor,1,5,4473.93,Others,14.72,530
720,Brookdale Hospital Medical Center,Medicare,Moderate,20,5.75,5120.5199999999995,Others,14.72,530
720,Brookdale Hospital Medical Center,Private Health Insurance,Extreme,2,4.5,11336.045,Others,14.72,530
720,Brookdale Hospital Medical Center,Private Health Insurance,Major,1,3,3546.22,Others,14.72,530
720,Brookdale Hospital Medical Center,Private Health Insurance,Minor,2,2.5,4821.235,Others,14.72,530
720,Brookdale Hospital Medical Center,Private Health Insurance,Moderate,4,4.75,4348.43,Others,14.72,530
720,Brookdale Hospital Medical Center,Self-Pay,Extreme,1,5,5526.09,Others,14.72,530
720,Brookdale Hospital Medical Center,Self-Pay,Major,4,6.25,5376.5,Others,14.72,530
720,Brookdale Hospital Medical Center,Self-Pay,Moderate,3,3.6666666666666665,4978.54,Others,14.72,530
720,Brooklyn Hospital Center - Downtown Campus,Blue Cross/Blue Shield,Major,2,5,11868.945,SUNY,2.958,464
720,Brooklyn Hospital Center - Downtown Campus,Medicare,Extreme,122,8.262295081967213,13521.625,SUNY,2.958,464
720,Brooklyn Hospital Center - Downtown Campus,Medicare,Major,100,7.12,12405.1776,SUNY,2.958,464
720,Brooklyn Hospital Center - Downtown Campus,Medicare,Minor,4,4,14180.63,SUNY,2.958,464
720,Brooklyn Hospital Center - Downtown Campus,Medicare,Moderate,28,4.642857142857143,11096.86607142857,SUNY,2.958,464
720,Brooklyn Hospital Center - Downtown Campus,Private Health Insurance,Extreme,41,6.536585365853658,7386.262682926829,SUNY,2.958,464
720,Brooklyn Hospital Center - Downtown Campus,Private Health Insurance,Major,23,7.391304347826087,7861.899130434783,SUNY,2.958,464
720,Brooklyn Hospital Center - Downtown Campus,Private Health Insurance,Moderate,3,6.333333333333333,10026.676666666666,SUNY,2.958,464
720,Brooklyn Hospital Center - Downtown Campus,Self-Pay,Extreme,1,5,17844.02,SUNY,2.958,464
720,Calvary Hospital Inc,Medicare,Major,5,9.8,2127.636,Others,4.495,200
720,Calvary Hospital Inc,Medicare,Moderate,1,1,2160,Others,4.495,200
720,Calvary Hospital Inc,Private Health Insurance,Extreme,1,10,2001.48,Others,4.495,200
720,Calvary Hospital Inc,Private Health Insurance,Major,1,1,2056,Others,4.495,200
720,Coney Island Hospital,Blue Cross/Blue Shield,Extreme,1,15,9300.37,Health+,9.415,371
720,Coney Island Hospital,Blue Cross/Blue Shield,Major,2,6.5,6680.139999999999,Health+,9.415,371
720,Coney Island Hospital,Blue Cross/Blue Shield,Minor,1,4,6315.81,Health+,9.415,371
720,Coney Island Hospital,Blue Cross/Blue Shield,Moderate,3,7,6394.6866666666665,Health+,9.415,371
720,Coney Island Hospital,Medicare,Extreme,184,15.059782608695652,7770.350434782608,Health+,9.415,371
720,Coney Island Hospital,Medicare,Major,169,11.266272189349113,6650.694970414202,Health+,9.415,371
720,Coney Island Hospital,Medicare,Minor,1,10,5920.97,Health+,9.415,371
720,Coney Island Hospital,Medicare,Moderate,50,8.08,6824.692,Health+,9.415,371
720,Coney Island Hospital,Private Health Insurance,Extreme,2,23,11558.79,Health+,9.415,371
720,Coney Island Hospital,Private Health Insurance,Major,8,8.875,7224.358749999999,Health+,9.415,371
720,Coney Island Hospital,Private Health Insurance,Minor,1,2,6920.56,Health+,9.415,371
720,Coney Island Hospital,Private Health Insurance,Moderate,2,3,7622.995,Health+,9.415,371
720,Coney Island Hospital,Self-Pay,Extreme,2,7.5,6203.625,Health+,9.415,371
720,Coney Island Hospital,Self-Pay,Major,2,14.5,5565.860000000001,Health+,9.415,371
720,Coney Island Hospital,Self-Pay,Moderate,1,5,6576.53,Health+,9.415,371
720,Elmhurst Hospital Center,Blue Cross/Blue Shield,Extreme,5,21.6,9202.884,Health+,10.09,545
720,Elmhurst Hospital Center,Blue Cross/Blue Shield,Major,6,13,6760.566666666667,Health+,10.09,545
720,Elmhurst Hospital Center,Blue Cross/Blue Shield,Minor,1,2,8272.05,Health+,10.09,545
720,Elmhurst Hospital Center,Blue Cross/Blue Shield,Moderate,5,7.4,6085.9,Health+,10.09,545
720,Elmhurst Hospital Center,Medicare,Extreme,86,13.86046511627907,7705.167790697675,Health+,10.09,545
720,Elmhurst Hospital Center,Medicare,Major,172,9.866279069767442,6245.129069767442,Health+,10.09,545
720,Elmhurst Hospital Center,Medicare,Minor,3,8,5726.54,Health+,10.09,545
720,Elmhurst Hospital Center,Medicare,Moderate,77,6.298701298701299,6541.761818181818,Health+,10.09,545
720,Elmhurst Hospital Center,Private Health Insurance,Extreme,4,17.5,6121.6775,Health+,10.09,545
720,Elmhurst Hospital Center,Private Health Insurance,Major,8,6.75,7209.11625,Health+,10.09,545
720,Elmhurst Hospital Center,Private Health Insurance,Minor,4,3.75,6763.2074999999995,Health+,10.09,545
720,Elmhurst Hospital Center,Private Health Insurance,Moderate,16,5.8125,8134.61875,Health+,10.09,545
720,Elmhurst Hospital Center,Self-Pay,Extreme,8,10,7604.83375,Health+,10.09,545
720,Elmhurst Hospital Center,Self-Pay,Major,10,5,6934.48,Health+,10.09,545
720,Elmhurst Hospital Center,Self-Pay,Minor,3,3.6666666666666665,7114.533333333334,Health+,10.09,545
720,Elmhurst Hospital Center,Self-Pay,Moderate,8,4.625,6903.75,Health+,10.09,545
720,Flushing Hospital Medical Center,Blue Cross/Blue Shield,Extreme,2,29,13570.960000000001,Others,14.16,299
720,Flushing Hospital Medical Center,Medicare,Extreme,157,14.050955414012739,6997.50203821656,Others,14.16,299
720,Flushing Hospital Medical Center,Medicare,Major,145,9.972413793103449,4322.435379310345,Others,14.16,299
720,Flushing Hospital Medical Center,Medicare,Minor,1,10,3224.28,Others,14.16,299
720,Flushing Hospital Medical Center,Medicare,Moderate,31,7,3901.7129032258063,Others,14.16,299
720,Flushing Hospital Medical Center,Private Health Insurance,Extreme,4,26.25,7669.6775,Others,14.16,299
720,Flushing Hospital Medical Center,Private Health Insurance,Major,5,13.8,3779.296,Others,14.16,299
720,Flushing Hospital Medical Center,Self-Pay,Extreme,2,7,6645.285,Others,14.16,299
720,Flushing Hospital Medical Center,Self-Pay,Major,1,1,11836.29,Others,14.16,299
720,Flushing Hospital Medical Center,Self-Pay,Moderate,1,5,3380.65,Others,14.16,299
720,Harlem Hospital Center,Blue Cross/Blue Shield,Major,3,11.333333333333334,6277.08,Health+,1.517,282
720,Harlem Hospital Center,Blue Cross/Blue Shield,Moderate,1,1,6911.54,Health+,1.517,282
720,Harlem Hospital Center,Medicare,Extreme,50,18.92,6264.3758,Health+,1.517,282
720,Harlem Hospital Center,Medicare,Major,55,12.818181818181818,5816.253090909091,Health+,1.517,282
720,Harlem Hospital Center,Medicare,Moderate,15,9.933333333333334,5669.6286666666665,Health+,1.517,282
720,Harlem Hospital Center,Private Health Insurance,Extreme,2,19.5,9912.855,Health+,1.517,282
720,Harlem Hospital Center,Private Health Insurance,Major,1,3,6209.02,Health+,1.517,282
720,Harlem Hospital Center,Private Health Insurance,Minor,2,3.5,6253.96,Health+,1.517,282
720,Harlem Hospital Center,Private Health Insurance,Moderate,2,2.5,6527.575000000001,Health+,1.517,282
720,Harlem Hospital Center,Self-Pay,Extreme,3,11,6821.783333333334,Health+,1.517,282
720,Interfaith Medical Center,Blue Cross/Blue Shield,Major,1,10,6736.08,Others,2.895,287
720,Interfaith Medical Center,Blue Cross/Blue Shield,Minor,1,5,5137.96,Others,2.895,287
720,Interfaith Medical Center,Blue Cross/Blue Shield,Moderate,11,3.4545454545454546,6181.910909090909,Others,2.895,287
720,Interfaith Medical Center,Medicare,Extreme,30,11.266666666666667,9189.981,Others,2.895,287
720,Interfaith Medical Center,Medicare,Major,36,10.166666666666666,6812.263888888889,Others,2.895,287
720,Interfaith Medical Center,Medicare,Minor,2,2,9561.81,Others,2.895,287
720,Interfaith Medical Center,Medicare,Moderate,13,7.538461538461538,6400.3530769230765,Others,2.895,287
720,Interfaith Medical Center,Private Health Insurance,Extreme,2,7.5,12218.77,Others,2.895,287
720,Interfaith Medical Center,Private Health Insurance,Major,9,7,7167.856666666667,Others,2.895,287
720,Interfaith Medical Center,Private Health Insurance,Minor,1,3,6075.69,Others,2.895,287
720,Interfaith Medical Center,Private Health Insurance,Moderate,9,2.888888888888889,6280.058888888889,Others,2.895,287
720,Interfaith Medical Center,Self-Pay,Extreme,1,2,16956.04,Others,2.895,287
720,Interfaith Medical Center,Self-Pay,Major,1,3,8326.19,Others,2.895,287
720,Interfaith Medical Center,Self-Pay,Minor,2,1.5,8565.37,Others,2.895,287
720,Interfaith Medical Center,Self-Pay,Moderate,3,3.6666666666666665,5860.79,Others,2.895,287
720,Jacobi Medical Center,Blue Cross/Blue Shield,Extreme,1,20,6325.16,Health+,7.016,457
720,Jacobi Medical Center,Blue Cross/Blue Shield,Major,2,26.5,5510.975,Health+,7.016,457
720,Jacobi Medical Center,Blue Cross/Blue Shield,Moderate,1,2,7927.69,Health+,7.016,457
720,Jacobi Medical Center,Medicare,Extreme,88,11.545454545454545,7470.225795454546,Health+,7.016,457
720,Jacobi Medical Center,Medicare,Major,112,9.366071428571429,6306.502142857143,Health+,7.016,457
720,Jacobi Medical Center,Medicare,Minor,1,6,5817.93,Health+,7.016,457
720,Jacobi Medical Center,Medicare,Moderate,23,7,6170.817391304347,Health+,7.016,457
720,Jacobi Medical Center,Private Health Insurance,Extreme,3,21.333333333333332,6497.32,Health+,7.016,457
720,Jacobi Medical Center,Private Health Insurance,Major,3,6,6125.863333333334,Health+,7.016,457
720,Jacobi Medical Center,Private Health Insurance,Moderate,4,8.75,6153.58,Health+,7.016,457
720,Jacobi Medical Center,Self-Pay,Extreme,6,11.833333333333334,7065.595,Health+,7.016,457
720,Jacobi Medical Center,Self-Pay,Major,5,9.4,6426.638,Health+,7.016,457
720,Jacobi Medical Center,Self-Pay,Minor,1,1,8021.81,Health+,7.016,457
720,Jacobi Medical Center,Self-Pay,Moderate,7,2.5714285714285716,7350.262857142857,Health+,7.016,457
720,Jamaica Hospital Medical Center,Blue Cross/Blue Shield,Extreme,11,11.727272727272727,6295.430909090909,Others,19.28,402
720,Jamaica Hospital Medical Center,Blue Cross/Blue Shield,Major,7,7,4897.155714285715,Others,19.28,402
720,Jamaica Hospital Medical Center,Blue Cross/Blue Shield,Moderate,3,4,4994.1466666666665,Others,19.28,402
720,Jamaica Hospital Medical Center,Medicare,Extreme,137,10.043795620437956,7411.809197080292,Others,19.28,402
720,Jamaica Hospital Medical Center,Medicare,Major,180,7.538888888888889,5476.783,Others,19.28,402
720,Jamaica Hospital Medical Center,Medicare,Minor,5,4.6,5086.342,Others,19.28,402
720,Jamaica Hospital Medical Center,Medicare,Moderate,64,5.59375,4532.3165625,Others,19.28,402
720,Jamaica Hospital Medical Center,Private Health Insurance,Extreme,17,10.235294117647058,8060.87,Others,19.28,402
720,Jamaica Hospital Medical Center,Private Health Insurance,Major,5,8.6,5567.242,Others,19.28,402
720,Jamaica Hospital Medical Center,Private Health Insurance,Minor,2,4,3931.415,Others,19.28,402
720,Jamaica Hospital Medical Center,Private Health Insurance,Moderate,13,3.5384615384615383,4590.682307692307,Others,19.28,402
720,Jamaica Hospital Medical Center,Self-Pay,Extreme,2,13,4882.98,Others,19.28,402
720,Jamaica Hospital Medical Center,Self-Pay,Major,5,9.2,4563.208,Others,19.28,402
720,Jamaica Hospital Medical Center,Self-Pay,Moderate,2,5,3861.06,Others,19.28,402
720,Kings County Hospital Center,Blue Cross/Blue Shield,Extreme,2,10.5,7318.360000000001,Health+,1.44,639
720,Kings County Hospital Center,Blue Cross/Blue Shield,Major,1,9,6901.68,Health+,1.44,639
720,Kings County Hospital Center,Blue Cross/Blue Shield,Minor,1,5,5892.59,Health+,1.44,639
720,Kings County Hospital Center,Blue Cross/Blue Shield,Moderate,1,5,6108.93,Health+,1.44,639
720,Kings County Hospital Center,Medicare,Extreme,61,15.770491803278688,7150.565737704918,Health+,1.44,639
720,Kings County Hospital Center,Medicare,Major,83,11.072289156626505,6354.882168674699,Health+,1.44,639
720,Kings County Hospital Center,Medicare,Minor,1,8,6096.73,Health+,1.44,639
720,Kings County Hospital Center,Medicare,Moderate,40,6.5,6450.91525,Health+,1.44,639
720,Kings County Hospital Center,Private Health Insurance,Extreme,3,15.333333333333334,7933.966666666666,Health+,1.44,639
720,Kings County Hospital Center,Private Health Insurance,Major,4,4.5,6992.3099999999995,Health+,1.44,639
720,Kings County Hospital Center,Private Health Insurance,Moderate,3,7.333333333333333,6362.786666666667,Health+,1.44,639
720,Kings County Hospital Center,Self-Pay,Extreme,1,12,5464.75,Health+,1.44,639
720,Kings County Hospital Center,Self-Pay,Major,2,11,6230.725,Health+,1.44,639
720,Kings County Hospital Center,Self-Pay,Minor,1,7,5821.5,Health+,1.44,639
720,Kings County Hospital Center,Self-Pay,Moderate,8,3.25,6726.675,Health+,1.44,639
720,Kingsbrook Jewish Medical Center,Blue Cross/Blue Shield,Extreme,2,3.5,18858.625,SUNY,1.66,303
720,Kingsbrook Jewish Medical Center,Blue Cross/Blue Shield,Major,5,9,10525.45,SUNY,1.66,303
720,Kingsbrook Jewish Medical Center,Blue Cross/Blue Shield,Moderate,2,8,9113.91,SUNY,1.66,303
720,Kingsbrook Jewish Medical Center,Medicare,Extreme,160,12.48125,13531.6039375,SUNY,1.66,303
720,Kingsbrook Jewish Medical Center,Medicare,Major,118,9.11864406779661,9573.491355932203,SUNY,1.66,303
720,Kingsbrook Jewish Medical Center,Medicare,Minor,2,2.5,10485.5,SUNY,1.66,303
720,Kingsbrook Jewish Medical Center,Medicare,Moderate,28,7.107142857142857,8245.767857142857,SUNY,1.66,303
720,Kingsbrook Jewish Medical Center,Private Health Insurance,Extreme,7,9.857142857142858,11420.568571428572,SUNY,1.66,303
720,Kingsbrook Jewish Medical Center,Private Health Insurance,Major,4,10.5,7265.3125,SUNY,1.66,303
720,Kingsbrook Jewish Medical Center,Private Health Insurance,Minor,1,1,11442,SUNY,1.66,303
720,Kingsbrook Jewish Medical Center,Private Health Insurance,Moderate,4,4.75,8758.205,SUNY,1.66,303
720,Lenox Hill Hospital,Blue Cross/Blue Shield,Extreme,4,8.25,14804.67,Northwell,1.582,632
720,Lenox Hill Hospital,Blue Cross/Blue Shield,Major,28,5.214285714285714,16299.155714285715,Northwell,1.582,632
720,Lenox Hill Hospital,Blue Cross/Blue Shield,Minor,5,1.8,15174.85,Northwell,1.582,632
720,Lenox Hill Hospital,Blue Cross/Blue Shield,Moderate,41,2.5121951219512195,18848.766585365855,Northwell,1.582,632
720,Lenox Hill Hospital,Medicare,Extreme,158,9.063291139240507,18251.87164556962,Northwell,1.582,632
720,Lenox Hill Hospital,Medicare,Major,351,5.760683760683761,15366.490655270656,Northwell,1.582,632
720,Lenox Hill Hospital,Medicare,Minor,8,1.875,15457.36,Northwell,1.582,632
720,Lenox Hill Hospital,Medicare,Moderate,153,3.5098039215686274,15640.043071895425,Northwell,1.582,632
720,Lenox Hill Hospital,Private Health Insurance,Extreme,8,6.25,18538.4625,Northwell,1.582,632
720,Lenox Hill Hospital,Private Health Insurance,Major,59,4.762711864406779,17306.29101694915,Northwell,1.582,632
720,Lenox Hill Hospital,Private Health Insurance,Minor,23,1.9130434782608696,18045.621739130434,Northwell,1.582,632
720,Lenox Hill Hospital,Private Health Insurance,Moderate,82,2.682926829268293,17904.115853658535,Northwell,1.582,632
720,Lenox Hill Hospital,Self-Pay,Extreme,1,1,64818.39,Northwell,1.582,632
720,Lenox Hill Hospital,Self-Pay,Major,4,2.25,19870.915,Northwell,1.582,632
720,Lenox Hill Hospital,Self-Pay,Moderate,5,2,22778.7,Northwell,1.582,632
720,Lincoln Medical & Mental Health Center,Blue Cross/Blue Shield,Extreme,2,12.5,6133.46,Health+,2.933,362
720,Lincoln Medical & Mental Health Center,Blue Cross/Blue Shield,Major,2,3.5,6317.65,Health+,2.933,362
720,Lincoln Medical & Mental Health Center,Blue Cross/Blue Shield,Moderate,1,2,7157.06,Health+,2.933,362
720,Lincoln Medical & Mental Health Center,Medicare,Extreme,72,11.347222222222221,6738.207916666666,Health+,2.933,362
720,Lincoln Medical & Mental Health Center,Medicare,Major,42,7.523809523809524,6067.3983333333335,Health+,2.933,362
720,Lincoln Medical & Mental Health Center,Medicare,Moderate,10,3,6067.602,Health+,2.933,362
720,Lincoln Medical & Mental Health Center,Private Health Insurance,Extreme,4,26,6507.9000000000005,Health+,2.933,362
720,Lincoln Medical & Mental Health Center,Private Health Insurance,Major,4,3.5,6872.4325,Health+,2.933,362
720,Lincoln Medical & Mental Health Center,Private Health Insurance,Minor,1,4,7355.85,Health+,2.933,362
720,Lincoln Medical & Mental Health Center,Private Health Insurance,Moderate,4,2,7355.639999999999,Health+,2.933,362
720,Lincoln Medical & Mental Health Center,Self-Pay,Extreme,2,3.5,8560.375,Health+,2.933,362
720,Lincoln Medical & Mental Health Center,Self-Pay,Major,1,47,4678.46,Health+,2.933,362
720,Lincoln Medical & Mental Health Center,Self-Pay,Minor,1,2,6629.26,Health+,2.933,362
720,Lincoln Medical & Mental Health Center,Self-Pay,Moderate,1,10,7389.91,Health+,2.933,362
720,Long Island Jewish Forest Hills,Blue Cross/Blue Shield,Extreme,7,16.285714285714285,11481.194285714286,Northwell,9.076,312
720,Long Island Jewish Forest Hills,Blue Cross/Blue Shield,Major,11,4.636363636363637,15520.605454545455,Northwell,9.076,312
720,Long Island Jewish Forest Hills,Blue Cross/Blue Shield,Moderate,15,3.933333333333333,13804.633333333333,Northwell,9.076,312
720,Long Island Jewish Forest Hills,Medicare,Extreme,189,8.248677248677248,15750.607777777777,Northwell,9.076,312
720,Long Island Jewish Forest Hills,Medicare,Major,263,6.8783269961977185,12281.046311787073,Northwell,9.076,312
720,Long Island Jewish Forest Hills,Medicare,Minor,13,3.5384615384615383,11789.438461538462,Northwell,9.076,312
720,Long Island Jewish Forest Hills,Medicare,Moderate,101,4.663366336633663,11504.517623762376,Northwell,9.076,312
720,Long Island Jewish Forest Hills,Private Health Insurance,Extreme,10,7.9,17322.507999999998,Northwell,9.076,312
720,Long Island Jewish Forest Hills,Private Health Insurance,Major,28,6.392857142857143,14711.589285714286,Northwell,9.076,312
720,Long Island Jewish Forest Hills,Private Health Insurance,Minor,11,3.909090909090909,13566.792727272727,Northwell,9.076,312
720,Long Island Jewish Forest Hills,Private Health Insurance,Moderate,19,5.2631578947368425,12014.045263157896,Northwell,9.076,312
720,Long Island Jewish Forest Hills,Self-Pay,Extreme,2,5.5,16202.235,Northwell,9.076,312
720,Long Island Jewish Forest Hills,Self-Pay,Moderate,1,3,14304.36,Northwell,9.076,312
720,Long Island Jewish Medical Center,Blue Cross/Blue Shield,Extreme,17,15.117647058823529,14708.43294117647,Northwell,13.07,1025
720,Long Island Jewish Medical Center,Blue Cross/Blue Shield,Major,41,5.951219512195122,12419.609024390244,Northwell,13.07,1025
720,Long Island Jewish Medical Center,Blue Cross/Blue Shield,Minor,10,3.3,11283.494,Northwell,13.07,1025
720,Long Island Jewish Medical Center,Blue Cross/Blue Shield,Moderate,64,4.03125,12536.1928125,Northwell,13.07,1025
720,Long Island Jewish Medical Center,Medicare,Extreme,313,10.421725239616613,13161.833674121406,Northwell,13.07,1025
720,Long Island Jewish Medical Center,Medicare,Major,631,7.393026941362916,11947.229873217115,Northwell,13.07,1025
720,Long Island Jewish Medical Center,Medicare,Minor,20,4.1,11674.823,Northwell,13.07,1025
720,Long Island Jewish Medical Center,Medicare,Moderate,298,4.355704697986577,11818.16610738255,Northwell,13.07,1025
720,Long Island Jewish Medical Center,Private Health Insurance,Extreme,24,11,14177.747916666667,Northwell,13.07,1025
720,Long Island Jewish Medical Center,Private Health Insurance,Major,80,6.575,13107.009125,Northwell,13.07,1025
720,Long Island Jewish Medical Center,Private Health Insurance,Minor,20,3.4,12733.6335,Northwell,13.07,1025
720,Long Island Jewish Medical Center,Private Health Insurance,Moderate,87,4,12153.605862068966,Northwell,13.07,1025
720,Long Island Jewish Medical Center,Self-Pay,Extreme,3,13,12467.203333333333,Northwell,13.07,1025
720,Long Island Jewish Medical Center,Self-Pay,Major,7,23.571428571428573,11857.931428571428,Northwell,13.07,1025
720,Long Island Jewish Medical Center,Self-Pay,Minor,3,5.333333333333333,12707.323333333334,Northwell,13.07,1025
720,Long Island Jewish Medical Center,Self-Pay,Moderate,6,3,12864.57,Northwell,13.07,1025
720,Maimonides Medical Center,Blue Cross/Blue Shield,Extreme,10,10.3,11380.268,Montefiore,7.482,711
720,Maimonides Medical Center,Blue Cross/Blue Shield,Major,13,8.538461538461538,10377.458461538461,Montefiore,7.482,711
720,Maimonides Medical Center,Blue Cross/Blue Shield,Minor,2,4,7079.375,Montefiore,7.482,711
720,Maimonides Medical Center,Blue Cross/Blue Shield,Moderate,13,4,9271.156923076924,Montefiore,7.482,711
720,Maimonides Medical Center,Medicare,Extreme,607,10.365733113673805,11618.94453047776,Montefiore,7.482,711
720,Maimonides Medical Center,Medicare,Major,499,6.919839679358717,9267.580961923848,Montefiore,7.482,711
720,Maimonides Medical Center,Medicare,Minor,14,4.214285714285714,6971.763571428572,Montefiore,7.482,711
720,Maimonides Medical Center,Medicare,Moderate,184,4.364130434782608,8650.936195652173,Montefiore,7.482,711
720,Maimonides Medical Center,Private Health Insurance,Extreme,24,8.625,14069.875833333334,Montefiore,7.482,711
720,Maimonides Medical Center,Private Health Insurance,Major,24,9.25,10345.499583333334,Montefiore,7.482,711
720,Maimonides Medical Center,Private Health Insurance,Minor,7,2.857142857142857,9372.464285714286,Montefiore,7.482,711
720,Maimonides Medical Center,Private Health Insurance,Moderate,27,4.074074074074074,7972.237777777777,Montefiore,7.482,711
720,Maimonides Medical Center,Self-Pay,Extreme,4,10,11976.2425,Montefiore,7.482,711
720,Maimonides Medical Center,Self-Pay,Major,2,6.5,12760.75,Montefiore,7.482,711
720,Maimonides Medical Center,Self-Pay,Minor,2,4,6911.915,Montefiore,7.482,711
720,Maimonides Medical Center,Self-Pay,Moderate,7,5.142857142857143,8467.68857142857,Montefiore,7.482,711
720,Metropolitan Hospital Center,Blue Cross/Blue Shield,Major,1,4,5755.62,Health+,1.074,338
720,Metropolitan Hospital Center,Blue Cross/Blue Shield,Moderate,2,3,7049.17,Health+,1.074,338
720,Metropolitan Hospital Center,Medicare,Extreme,30,13.2,6418.951333333333,Health+,1.074,338
720,Metropolitan Hospital Center,Medicare,Major,20,6.55,6237.6875,Health+,1.074,338
720,Metropolitan Hospital Center,Medicare,Moderate,11,4,6652.521818181818,Health+,1.074,338
720,Metropolitan Hospital Center,Private Health Insurance,Major,1,17,6928.45,Health+,1.074,338
720,Metropolitan Hospital Center,Private Health Insurance,Moderate,1,9,5168.42,Health+,1.074,338
720,Metropolitan Hospital Center,Self-Pay,Extreme,1,14,6776.14,Health+,1.074,338
720,Metropolitan Hospital Center,Self-Pay,Major,3,5,6358.59,Health+,1.074,338
720,Metropolitan Hospital Center,Self-Pay,Moderate,1,1,7909.25,Health+,1.074,338
720,Montefiore Med Center - Jack D Weiler Hosp of A Einstein College Div,Blue Cross/Blue Shield,Extreme,9,14.333333333333334,15291.056666666667,Montefiore,0.449,421
720,Montefiore Med Center - Jack D Weiler Hosp of A Einstein College Div,Blue Cross/Blue Shield,Major,10,5.7,13733.331,Montefiore,0.449,421
720,Montefiore Med Center - Jack D Weiler Hosp of A Einstein College Div,Blue Cross/Blue Shield,Minor,2,3.5,14376.47,Montefiore,0.449,421
720,Montefiore Med Center - Jack D Weiler Hosp of A Einstein College Div,Blue Cross/Blue Shield,Moderate,14,3.857142857142857,15289.43,Montefiore,0.449,421
720,Montefiore Med Center - Jack D Weiler Hosp of A Einstein College Div,Medicare,Extreme,264,12.454545454545455,14541.518219696969,Montefiore,0.449,421
720,Montefiore Med Center - Jack D Weiler Hosp of A Einstein College Div,Medicare,Major,426,8.410798122065728,12862.377159624413,Montefiore,0.449,421
720,Montefiore Med Center - Jack D Weiler Hosp of A Einstein College Div,Medicare,Minor,4,2.5,17406.33,Montefiore,0.449,421
720,Montefiore Med Center - Jack D Weiler Hosp of A Einstein College Div,Medicare,Moderate,138,5.492753623188406,12081.920724637681,Montefiore,0.449,421
720,Montefiore Med Center - Jack D Weiler Hosp of A Einstein College Div,Private Health Insurance,Extreme,28,16.357142857142858,15037.641785714286,Montefiore,0.449,421
720,Montefiore Med Center - Jack D Weiler Hosp of A Einstein College Div,Private Health Insurance,Major,57,7.421052631578948,13319.46947368421,Montefiore,0.449,421
720,Montefiore Med Center - Jack D Weiler Hosp of A Einstein College Div,Private Health Insurance,Minor,5,1.6,20081.652,Montefiore,0.449,421
720,Montefiore Med Center - Jack D Weiler Hosp of A Einstein College Div,Private Health Insurance,Moderate,31,4.483870967741935,14690.553870967742,Montefiore,0.449,421
720,Montefiore Med Center - Jack D Weiler Hosp of A Einstein College Div,Self-Pay,Extreme,1,8,18968,Montefiore,0.449,421
720,Montefiore Med Center - Jack D Weiler Hosp of A Einstein College Div,Self-Pay,Major,2,5,11565.535,Montefiore,0.449,421
720,Montefiore Med Center - Jack D Weiler Hosp of A Einstein College Div,Self-Pay,Moderate,2,2.5,11498,Montefiore,0.449,421
720,Montefiore Medical Center-Wakefield Hospital,Blue Cross/Blue Shield,Extreme,3,7.333333333333333,16352.539999999999,Montefiore,4.47,321
720,Montefiore Medical Center-Wakefield Hospital,Blue Cross/Blue Shield,Major,4,5,17087.99,Montefiore,4.47,321
720,Montefiore Medical Center-Wakefield Hospital,Medicare,Extreme,141,11.52482269503546,17090.26035460993,Montefiore,4.47,321
720,Montefiore Medical Center-Wakefield Hospital,Medicare,Major,209,8.641148325358852,13376.655023923446,Montefiore,4.47,321
720,Montefiore Medical Center-Wakefield Hospital,Medicare,Minor,4,6.75,13217.035,Montefiore,4.47,321
720,Montefiore Medical Center-Wakefield Hospital,Medicare,Moderate,70,5.885714285714286,12196.601142857144,Montefiore,4.47,321
720,Montefiore Medical Center-Wakefield Hospital,Private Health Insurance,Extreme,15,11.133333333333333,17399.784666666666,Montefiore,4.47,321
720,Montefiore Medical Center-Wakefield Hospital,Private Health Insurance,Major,20,8.1,14012.8695,Montefiore,4.47,321
720,Montefiore Medical Center-Wakefield Hospital,Private Health Insurance,Minor,4,2,19622.32,Montefiore,4.47,321
720,Montefiore Medical Center-Wakefield Hospital,Private Health Insurance,Moderate,4,4,14163.9475,Montefiore,4.47,321
720,Montefiore Medical Center-Wakefield Hospital,Self-Pay,Extreme,1,1,44268.71,Montefiore,4.47,321
720,Montefiore Medical Center-Wakefield Hospital,Self-Pay,Major,1,7,10880.09,Montefiore,4.47,321
720,Montefiore Medical Center-Wakefield Hospital,Self-Pay,Moderate,2,4.5,9767.31,Montefiore,4.47,321
720,Montefiore Medical Center - Henry & Lucy Moses Div,Blue Cross/Blue Shield,Extreme,5,8.4,19919.178,Montefiore,1.721,816
720,Montefiore Medical Center - Henry & Lucy Moses Div,Blue Cross/Blue Shield,Major,2,6,9443.41,Montefiore,1.721,816
720,Montefiore Medical Center - Henry & Lucy Moses Div,Blue Cross/Blue Shield,Minor,3,3.3333333333333335,17816.716666666667,Montefiore,1.721,816
720,Montefiore Medical Center - Henry & Lucy Moses Div,Blue Cross/Blue Shield,Moderate,12,3.3333333333333335,13694.0525,Montefiore,1.721,816
720,Montefiore Medical Center - Henry & Lucy Moses Div,Medicare,Extreme,222,12.734234234234235,15196.643198198199,Montefiore,1.721,816
720,Montefiore Medical Center - Henry & Lucy Moses Div,Medicare,Major,330,9.76969696969697,12614.54593939394,Montefiore,1.721,816
720,Montefiore Medical Center - Henry & Lucy Moses Div,Medicare,Minor,3,3,11154.800000000001,Montefiore,1.721,816
720,Montefiore Medical Center - Henry & Lucy Moses Div,Medicare,Moderate,127,6.118110236220472,12068.27874015748,Montefiore,1.721,816
720,Montefiore Medical Center - Henry & Lucy Moses Div,Private Health Insurance,Extreme,34,10.323529411764707,13472.286764705883,Montefiore,1.721,816
720,Montefiore Medical Center - Henry & Lucy Moses Div,Private Health Insurance,Major,62,7.67741935483871,13298.605161290323,Montefiore,1.721,816
720,Montefiore Medical Center - Henry & Lucy Moses Div,Private Health Insurance,Minor,10,4.7,16056.511999999999,Montefiore,1.721,816
720,Montefiore Medical Center - Henry & Lucy Moses Div,Private Health Insurance,Moderate,44,3.7045454545454546,13225.096363636363,Montefiore,1.721,816
720,Montefiore Medical Center - Henry & Lucy Moses Div,Self-Pay,Extreme,1,5,21072.35,Montefiore,1.721,816
720,Montefiore Medical Center - Henry & Lucy Moses Div,Self-Pay,Major,3,6,10731.683333333332,Montefiore,1.721,816
720,Montefiore Medical Center - Henry & Lucy Moses Div,Self-Pay,Moderate,1,2,14947.27,Montefiore,1.721,816
720,Mount Sinai Beth Israel,Blue Cross/Blue Shield,Extreme,7,9.571428571428571,13806.175714285715,Mount Sinai,0.821,696
720,Mount Sinai Beth Israel,Blue Cross/Blue Shield,Major,19,6.947368421052632,11451.922105263158,Mount Sinai,0.821,696
720,Mount Sinai Beth Israel,Blue Cross/Blue Shield,Minor,3,1.6666666666666667,15725.933333333334,Mount Sinai,0.821,696
720,Mount Sinai Beth Israel,Blue Cross/Blue Shield,Moderate,20,4,11118.9025,Mount Sinai,0.821,696
720,Mount Sinai Beth Israel,Medicare,Extreme,218,9.889908256880734,13808.091192660551,Mount Sinai,0.821,696
720,Mount Sinai Beth Israel,Medicare,Major,302,6.241721854304636,11367.30513245033,Mount Sinai,0.821,696
720,Mount Sinai Beth Israel,Medicare,Minor,8,2.5,14364.5875,Mount Sinai,0.821,696
720,Mount Sinai Beth Israel,Medicare,Moderate,119,3.8739495798319328,11175.304789915966,Mount Sinai,0.821,696
720,Mount Sinai Beth Israel,Private Health Insurance,Extreme,14,14.142857142857142,12167.155,Mount Sinai,0.821,696
720,Mount Sinai Beth Israel,Private Health Insurance,Major,27,4.333333333333333,13383.23851851852,Mount Sinai,0.821,696
720,Mount Sinai Beth Israel,Private Health Insurance,Minor,12,2.8333333333333335,10257.685833333333,Mount Sinai,0.821,696
720,Mount Sinai Beth Israel,Private Health Insurance,Moderate,38,4.131578947368421,11521.041578947368,Mount Sinai,0.821,696
720,Mount Sinai Beth Israel,Self-Pay,Extreme,3,8,14536.563333333334,Mount Sinai,0.821,696
720,Mount Sinai Beth Israel,Self-Pay,Major,5,6.4,11421.296,Mount Sinai,0.821,696
720,Mount Sinai Beth Israel,Self-Pay,Moderate,3,3,10860.076666666666,Mount Sinai,0.821,696
720,Mount Sinai Brooklyn,Blue Cross/Blue Shield,Extreme,9,7.333333333333333,18020.176666666666,Mount Sinai,9.659,212
720,Mount Sinai Brooklyn,Blue Cross/Blue Shield,Major,18,7.333333333333333,11991.719444444445,Mount Sinai,9.659,212
720,Mount Sinai Brooklyn,Blue Cross/Blue Shield,Minor,2,5,9396.91,Mount Sinai,9.659,212
720,Mount Sinai Brooklyn,Blue Cross/Blue Shield,Moderate,10,3.9,11567.008,Mount Sinai,9.659,212
720,Mount Sinai Brooklyn,Medicare,Extreme,221,12.438914027149321,13488.508461538462,Mount Sinai,9.659,212
720,Mount Sinai Brooklyn,Medicare,Major,271,9.476014760147601,10558.095756457564,Mount Sinai,9.659,212
720,Mount Sinai Brooklyn,Medicare,Minor,6,4,10973.966666666667,Mount Sinai,9.659,212
720,Mount Sinai Brooklyn,Medicare,Moderate,87,6.2298850574712645,10037.44908045977,Mount Sinai,9.659,212
720,Mount Sinai Brooklyn,Private Health Insurance,Extreme,9,19.555555555555557,14220.07888888889,Mount Sinai,9.659,212
720,Mount Sinai Brooklyn,Private Health Insurance,Major,8,7.25,11191.4025,Mount Sinai,9.659,212
720,Mount Sinai Brooklyn,Private Health Insurance,Minor,6,4.833333333333333,9590.873333333333,Mount Sinai,9.659,212
720,Mount Sinai Brooklyn,Private Health Insurance,Moderate,6,6.666666666666667,10653.29,Mount Sinai,9.659,212
720,Mount Sinai Brooklyn,Self-Pay,Major,1,9,12776.26,Mount Sinai,9.659,212
720,Mount Sinai Hospital,Blue Cross/Blue Shield,Extreme,26,13.5,13237.025384615385,Mount Sinai,1.116,1134
720,Mount Sinai Hospital,Blue Cross/Blue Shield,Major,40,6.375,11187.87925,Mount Sinai,1.116,1134
720,Mount Sinai Hospital,Blue Cross/Blue Shield,Minor,8,2.25,13831.53,Mount Sinai,1.116,1134
720,Mount Sinai Hospital,Blue Cross/Blue Shield,Moderate,27,3.962962962962963,11731.35,Mount Sinai,1.116,1134
720,Mount Sinai Hospital,Medicare,Extreme,364,11.258241758241759,12385.391401098901,Mount Sinai,1.116,1134
720,Mount Sinai Hospital,Medicare,Major,460,7.363043478260869,10700.668173913044,Mount Sinai,1.116,1134
720,Mount Sinai Hospital,Medicare,Minor,5,3.2,9182.444,Mount Sinai,1.116,1134
720,Mount Sinai Hospital,Medicare,Moderate,145,4.393103448275862,10157.958206896552,Mount Sinai,1.116,1134
720,Mount Sinai Hospital,Private Health Insurance,Extreme,45,11.955555555555556,13595.843777777778,Mount Sinai,1.116,1134
720,Mount Sinai Hospital,Private Health Insurance,Major,61,6.163934426229508,11066.43,Mount Sinai,1.116,1134
720,Mount Sinai Hospital,Private Health Insurance,Minor,5,3.6,12984.681999999999,Mount Sinai,1.116,1134
720,Mount Sinai Hospital,Private Health Insurance,Moderate,51,3.980392156862745,10887.86843137255,Mount Sinai,1.116,1134
720,Mount Sinai Hospital,Self-Pay,Extreme,4,10,16165.77,Mount Sinai,1.116,1134
720,Mount Sinai Hospital,Self-Pay,Major,5,8.8,11168.648,Mount Sinai,1.116,1134
720,Mount Sinai Hospital,Self-Pay,Minor,4,3.25,9655.52,Mount Sinai,1.116,1134
720,Mount Sinai Hospital,Self-Pay,Moderate,7,2.857142857142857,13590.40142857143,Mount Sinai,1.116,1134
720,Mount Sinai Hospital - Mount Sinai Hospital of Queens,Blue Cross/Blue Shield,Extreme,5,5.6,5634.012,Mount Sinai,6.396,228
720,Mount Sinai Hospital - Mount Sinai Hospital of Queens,Blue Cross/Blue Shield,Major,14,6.928571428571429,6312.298571428571,Mount Sinai,6.396,228
720,Mount Sinai Hospital - Mount Sinai Hospital of Queens,Blue Cross/Blue Shield,Minor,2,2,5982.07,Mount Sinai,6.396,228
720,Mount Sinai Hospital - Mount Sinai Hospital of Queens,Blue Cross/Blue Shield,Moderate,12,4.25,5099.639999999999,Mount Sinai,6.396,228
720,Mount Sinai Hospital - Mount Sinai Hospital of Queens,Medicare,Extreme,117,11.188034188034187,5946.796068376068,Mount Sinai,6.396,228
720,Mount Sinai Hospital - Mount Sinai Hospital of Queens,Medicare,Major,218,7.059633027522936,5083.863853211009,Mount Sinai,6.396,228
720,Mount Sinai Hospital - Mount Sinai Hospital of Queens,Medicare,Minor,4,4,4082.8575,Mount Sinai,6.396,228
720,Mount Sinai Hospital - Mount Sinai Hospital of Queens,Medicare,Moderate,84,5.166666666666667,4690.033333333333,Mount Sinai,6.396,228
720,Mount Sinai Hospital - Mount Sinai Hospital of Queens,Private Health Insurance,Extreme,6,10.166666666666666,7334.193333333334,Mount Sinai,6.396,228
720,Mount Sinai Hospital - Mount Sinai Hospital of Queens,Private Health Insurance,Major,21,6.476190476190476,5360.162857142857,Mount Sinai,6.396,228
720,Mount Sinai Hospital - Mount Sinai Hospital of Queens,Private Health Insurance,Minor,4,2.75,6205.5375,Mount Sinai,6.396,228
720,Mount Sinai Hospital - Mount Sinai Hospital of Queens,Private Health Insurance,Moderate,20,3.9,4918.1265,Mount Sinai,6.396,228
720,Mount Sinai Hospital - Mount Sinai Hospital of Queens,Self-Pay,Extreme,5,2.8,8903.464,Mount Sinai,6.396,228
720,Mount Sinai Hospital - Mount Sinai Hospital of Queens,Self-Pay,Major,2,5,9923.435,Mount Sinai,6.396,228
720,Mount Sinai Hospital - Mount Sinai Hospital of Queens,Self-Pay,Moderate,9,3.4444444444444446,5596.694444444444,Mount Sinai,6.396,228
720,Mount Sinai St. Luke's,Blue Cross/Blue Shield,Extreme,2,46.5,8713.220000000001,Mount Sinai,1.625,495
720,Mount Sinai St. Luke's,Blue Cross/Blue Shield,Major,9,4.444444444444445,13007.857777777777,Mount Sinai,1.625,495
720,Mount Sinai St. Luke's,Blue Cross/Blue Shield,Minor,3,2.6666666666666665,13367.226666666667,Mount Sinai,1.625,495
720,Mount Sinai St. Luke's,Blue Cross/Blue Shield,Moderate,7,3.7142857142857144,8948.994285714285,Mount Sinai,1.625,495
720,Mount Sinai St. Luke's,Medicare,Extreme,273,8.886446886446887,13388.705824175824,Mount Sinai,1.625,495
720,Mount Sinai St. Luke's,Medicare,Major,358,6.4748603351955305,10829.82092178771,Mount Sinai,1.625,495
720,Mount Sinai St. Luke's,Medicare,Minor,5,4.4,9177.47,Mount Sinai,1.625,495
720,Mount Sinai St. Luke's,Medicare,Moderate,102,4.490196078431373,10593.678725490196,Mount Sinai,1.625,495
720,Mount Sinai St. Luke's,Private Health Insurance,Extreme,13,11.538461538461538,13825.112307692309,Mount Sinai,1.625,495
720,Mount Sinai St. Luke's,Private Health Insurance,Major,28,6.642857142857143,10952.516428571429,Mount Sinai,1.625,495
720,Mount Sinai St. Luke's,Private Health Insurance,Minor,5,2,14233.428,Mount Sinai,1.625,495
720,Mount Sinai St. Luke's,Private Health Insurance,Moderate,19,3.0526315789473686,11935.477368421052,Mount Sinai,1.625,495
720,Mount Sinai St. Luke's,Self-Pay,Major,1,4,9902.76,Mount Sinai,1.625,495
720,Mount Sinai St. Luke's,Self-Pay,Moderate,2,3.5,9888.205,Mount Sinai,1.625,495
720,Mount Sinai West,Blue Cross/Blue Shield,Extreme,7,18.142857142857142,12817.235714285714,Mount Sinai,2.374,514
720,Mount Sinai West,Blue Cross/Blue Shield,Major,21,5.714285714285714,11321.04619047619,Mount Sinai,2.374,514
720,Mount Sinai West,Blue Cross/Blue Shield,Minor,1,2,13670.06,Mount Sinai,2.374,514
720,Mount Sinai West,Blue Cross/Blue Shield,Moderate,17,3.8823529411764706,11000.018235294117,Mount Sinai,2.374,514
720,Mount Sinai West,Medicare,Extreme,158,8.854430379746836,12964.707025316455,Mount Sinai,2.374,514
720,Mount Sinai West,Medicare,Major,190,6.168421052631579,11115.35352631579,Mount Sinai,2.374,514
720,Mount Sinai West,Medicare,Minor,6,4.5,10835.501666666667,Mount Sinai,2.374,514
720,Mount Sinai West,Medicare,Moderate,78,4.17948717948718,10500.03782051282,Mount Sinai,2.374,514
720,Mount Sinai West,Private Health Insurance,Extreme,15,15.066666666666666,10985.806,Mount Sinai,2.374,514
720,Mount Sinai West,Private Health Insurance,Major,32,5.75,11875.6878125,Mount Sinai,2.374,514
720,Mount Sinai West,Private Health Insurance,Minor,15,3.066666666666667,11799.475333333334,Mount Sinai,2.374,514
720,Mount Sinai West,Private Health Insurance,Moderate,35,3.6857142857142855,12074.796857142857,Mount Sinai,2.374,514
720,Mount Sinai West,Self-Pay,Extreme,2,1,33927.5,Mount Sinai,2.374,514
720,Mount Sinai West,Self-Pay,Major,13,6.923076923076923,11980.82923076923,Mount Sinai,2.374,514
720,Mount Sinai West,Self-Pay,Minor,1,1,12586.08,Mount Sinai,2.374,514
720,Mount Sinai West,Self-Pay,Moderate,12,2.75,11378.963333333333,Mount Sinai,2.374,514
720,New York-Presbyterian/Lower Manhattan Hospital,Blue Cross/Blue Shield,Extreme,3,10,15074.786666666667,NewYork-Presbyterian,1.882,180
720,New York-Presbyterian/Lower Manhattan Hospital,Blue Cross/Blue Shield,Major,5,4.2,11413.414,NewYork-Presbyterian,1.882,180
720,New York-Presbyterian/Lower Manhattan Hospital,Blue Cross/Blue Shield,Minor,1,1,16777.8,NewYork-Presbyterian,1.882,180
720,New York-Presbyterian/Lower Manhattan Hospital,Blue Cross/Blue Shield,Moderate,11,3.1818181818181817,13264.477272727272,NewYork-Presbyterian,1.882,180
720,New York-Presbyterian/Lower Manhattan Hospital,Medicare,Extreme,90,10.577777777777778,17797.228555555554,NewYork-Presbyterian,1.882,180
720,New York-Presbyterian/Lower Manhattan Hospital,Medicare,Major,121,6.570247933884297,13896.759504132231,NewYork-Presbyterian,1.882,180
720,New York-Presbyterian/Lower Manhattan Hospital,Medicare,Minor,2,2.5,11551.845,NewYork-Presbyterian,1.882,180
720,New York-Presbyterian/Lower Manhattan Hospital,Medicare,Moderate,52,4.75,11585.906923076924,NewYork-Presbyterian,1.882,180
720,New York-Presbyterian/Lower Manhattan Hospital,Private Health Insurance,Extreme,2,7.5,16265.005,NewYork-Presbyterian,1.882,180
720,New York-Presbyterian/Lower Manhattan Hospital,Private Health Insurance,Major,11,6.363636363636363,14398.57909090909,NewYork-Presbyterian,1.882,180
720,New York-Presbyterian/Lower Manhattan Hospital,Private Health Insurance,Minor,3,1.6666666666666667,12603.506666666666,NewYork-Presbyterian,1.882,180
720,New York-Presbyterian/Lower Manhattan Hospital,Private Health Insurance,Moderate,10,3.2,12019.928,NewYork-Presbyterian,1.882,180
720,New York-Presbyterian/Lower Manhattan Hospital,Self-Pay,Extreme,2,14,11686.605,NewYork-Presbyterian,1.882,180
720,New York-Presbyterian/Lower Manhattan Hospital,Self-Pay,Major,2,3.5,18643.559999999998,NewYork-Presbyterian,1.882,180
720,New York-Presbyterian/Lower Manhattan Hospital,Self-Pay,Minor,1,1,11543.19,NewYork-Presbyterian,1.882,180
720,New York-Presbyterian/Lower Manhattan Hospital,Self-Pay,Moderate,1,2,14536.62,NewYork-Presbyterian,1.882,180
720,"New York Community Hospital of Brooklyn, Inc",Blue Cross/Blue Shield,Major,1,9,3749.73,NewYork-Presbyterian,4.632,134
720,"New York Community Hospital of Brooklyn, Inc",Medicare,Extreme,70,8.685714285714285,5286.514714285714,NewYork-Presbyterian,4.632,134
720,"New York Community Hospital of Brooklyn, Inc",Medicare,Major,89,9.067415730337078,4222.725617977528,NewYork-Presbyterian,4.632,134
720,"New York Community Hospital of Brooklyn, Inc",Medicare,Minor,1,3,4215.84,NewYork-Presbyterian,4.632,134
720,"New York Community Hospital of Brooklyn, Inc",Medicare,Moderate,22,7.590909090909091,3813.6036363636363,NewYork-Presbyterian,4.632,134
720,"New York Community Hospital of Brooklyn, Inc",Private Health Insurance,Extreme,1,7,6042.18,NewYork-Presbyterian,4.632,134
720,"New York Community Hospital of Brooklyn, Inc",Private Health Insurance,Major,1,7,4058.27,NewYork-Presbyterian,4.632,134
720,"New York Community Hospital of Brooklyn, Inc",Private Health Insurance,Minor,1,2,5560.8,NewYork-Presbyterian,4.632,134
720,"New York Community Hospital of Brooklyn, Inc",Private Health Insurance,Moderate,2,3.5,4326.365,NewYork-Presbyterian,4.632,134
720,"New York Community Hospital of Brooklyn, Inc",Self-Pay,Extreme,2,6,6492.1,NewYork-Presbyterian,4.632,134
720,North Central Bronx Hospital,Blue Cross/Blue Shield,Minor,3,2,7892.943333333334,Health+,3.22,213
720,North Central Bronx Hospital,Blue Cross/Blue Shield,Moderate,2,2,8034.035,Health+,3.22,213
720,North Central Bronx Hospital,Medicare,Extreme,10,7.3,7466.592,Health+,3.22,213
720,North Central Bronx Hospital,Medicare,Major,24,9.708333333333334,6852.085416666667,Health+,3.22,213
720,North Central Bronx Hospital,Medicare,Minor,1,1,9310.58,Health+,3.22,213
720,North Central Bronx Hospital,Medicare,Moderate,9,4.555555555555555,6533.708888888888,Health+,3.22,213
720,North Central Bronx Hospital,Private Health Insurance,Extreme,1,25,7385.69,Health+,3.22,213
720,North Central Bronx Hospital,Private Health Insurance,Major,2,4.5,6424.475,Health+,3.22,213
720,North Central Bronx Hospital,Private Health Insurance,Minor,1,3,7047.03,Health+,3.22,213
720,North Central Bronx Hospital,Private Health Insurance,Moderate,4,3.25,7000.9800000000005,Health+,3.22,213
720,North Central Bronx Hospital,Self-Pay,Major,4,5.25,7283.5375,Health+,3.22,213
720,North Central Bronx Hospital,Self-Pay,Moderate,4,3.25,7185.8725,Health+,3.22,213
720,NYU Langone Hospital-Brooklyn,Blue Cross/Blue Shield,Extreme,14,8.571428571428571,15619.60642857143,NYU Langone,2.193,444
720,NYU Langone Hospital-Brooklyn,Blue Cross/Blue Shield,Major,29,6.793103448275862,13752.231379310344,NYU Langone,2.193,444
720,NYU Langone Hospital-Brooklyn,Blue Cross/Blue Shield,Minor,13,3,15824.41,NYU Langone,2.193,444
720,NYU Langone Hospital-Brooklyn,Blue Cross/Blue Shield,Moderate,19,4.578947368421052,15857.111052631579,NYU Langone,2.193,444
720,NYU Langone Hospital-Brooklyn,Medicare,Extreme,157,8.73248407643312,17374.319108280255,NYU Langone,2.193,444
720,NYU Langone Hospital-Brooklyn,Medicare,Major,244,6.504098360655738,13915.394795081967,NYU Langone,2.193,444
720,NYU Langone Hospital-Brooklyn,Medicare,Minor,60,7.333333333333333,14352.448666666667,NYU Langone,2.193,444
720,NYU Langone Hospital-Brooklyn,Medicare,Moderate,92,4.891304347826087,12358.04793478261,NYU Langone,2.193,444
720,NYU Langone Hospital-Brooklyn,Private Health Insurance,Extreme,36,8.194444444444445,15904.080277777777,NYU Langone,2.193,444
720,NYU Langone Hospital-Brooklyn,Private Health Insurance,Major,90,6.1,14244.241666666667,NYU Langone,2.193,444
720,NYU Langone Hospital-Brooklyn,Private Health Insurance,Minor,22,5.5,15450.524090909092,NYU Langone,2.193,444
720,NYU Langone Hospital-Brooklyn,Private Health Insurance,Moderate,51,4.666666666666667,13414.580588235294,NYU Langone,2.193,444
720,NYU Langone Hospital-Brooklyn,Self-Pay,Extreme,1,7,11796.47,NYU Langone,2.193,444
720,NYU Langone Hospital-Brooklyn,Self-Pay,Major,7,4.714285714285714,14796.698571428571,NYU Langone,2.193,444
720,NYU Langone Hospital-Brooklyn,Self-Pay,Minor,1,3,16516.15,NYU Langone,2.193,444
720,NYU Langone Hospital-Brooklyn,Self-Pay,Moderate,5,2.8,14836.468,NYU Langone,2.193,444
720,NYU Langone Hospitals,Blue Cross/Blue Shield,Extreme,28,11.107142857142858,18854.687142857143,NYU Langone,1.88,844
720,NYU Langone Hospitals,Blue Cross/Blue Shield,Major,33,7.909090909090909,18057.690606060605,NYU Langone,1.88,844
720,NYU Langone Hospitals,Blue Cross/Blue Shield,Minor,8,5.375,11553.82,NYU Langone,1.88,844
720,NYU Langone Hospitals,Blue Cross/Blue Shield,Moderate,18,4.555555555555555,15821.391111111112,NYU Langone,1.88,844
720,NYU Langone Hospitals,Medicare,Extreme,247,9.562753036437247,18853.88,NYU Langone,1.88,844
720,NYU Langone Hospitals,Medicare,Major,374,6.550802139037433,15892.86537433155,NYU Langone,1.88,844
720,NYU Langone Hospitals,Medicare,Minor,24,6.125,16571.177083333332,NYU Langone,1.88,844
720,NYU Langone Hospitals,Medicare,Moderate,94,4.553191489361702,14926.75585106383,NYU Langone,1.88,844
720,NYU Langone Hospitals,Private Health Insurance,Extreme,55,14.072727272727272,18176.745454545453,NYU Langone,1.88,844
720,NYU Langone Hospitals,Private Health Insurance,Major,111,6.711711711711712,18033.614144144143,NYU Langone,1.88,844
720,NYU Langone Hospitals,Private Health Insurance,Minor,20,4.9,15058.0075,NYU Langone,1.88,844
720,NYU Langone Hospitals,Private Health Insurance,Moderate,51,4.372549019607843,14047.243333333334,NYU Langone,1.88,844
720,NYU Langone Hospitals,Self-Pay,Extreme,5,6.6,19362.754,NYU Langone,1.88,844
720,NYU Langone Hospitals,Self-Pay,Major,5,12.2,14617.57,NYU Langone,1.88,844
720,NYU Langone Hospitals,Self-Pay,Minor,2,2.5,15719.605,NYU Langone,1.88,844
720,NYU Langone Hospitals,Self-Pay,Moderate,2,3,9822.75,NYU Langone,1.88,844
720,NYU Langone Orthopedic Hospital,Medicare,Extreme,2,11.5,20711.15,NYU Langone,0.111,225
720,NYU Langone Orthopedic Hospital,Medicare,Major,1,5,18293.82,NYU Langone,0.111,225
720,NYU Langone Orthopedic Hospital,Medicare,Moderate,1,7,20696.9,NYU Langone,0.111,225
720,Queens Hospital Center,Blue Cross/Blue Shield,Extreme,3,3,12740.363333333333,Health+,15.7,269
720,Queens Hospital Center,Blue Cross/Blue Shield,Major,1,5,7405.93,Health+,15.7,269
720,Queens Hospital Center,Blue Cross/Blue Shield,Minor,2,3.5,8357.64,Health+,15.7,269
720,Queens Hospital Center,Blue Cross/Blue Shield,Moderate,6,3.5,7497.78,Health+,15.7,269
720,Queens Hospital Center,Medicare,Extreme,104,13.375,8434.124807692308,Health+,15.7,269
720,Queens Hospital Center,Medicare,Major,117,7.401709401709402,7271.475299145299,Health+,15.7,269
720,Queens Hospital Center,Medicare,Minor,2,3,7257.585,Health+,15.7,269
720,Queens Hospital Center,Medicare,Moderate,62,5.016129032258065,7464.070967741935,Health+,15.7,269
720,Queens Hospital Center,Private Health Insurance,Extreme,5,14,7958.828,Health+,15.7,269
720,Queens Hospital Center,Private Health Insurance,Major,9,9.555555555555555,7382.13,Health+,15.7,269
720,Queens Hospital Center,Private Health Insurance,Minor,2,3,7774.57,Health+,15.7,269
720,Queens Hospital Center,Private Health Insurance,Moderate,8,4,7144.515,Health+,15.7,269
720,Queens Hospital Center,Self-Pay,Extreme,2,10.5,9947.23,Health+,15.7,269
720,Queens Hospital Center,Self-Pay,Major,5,7,7910.3099999999995,Health+,15.7,269
720,Queens Hospital Center,Self-Pay,Minor,1,2,10336.53,Health+,15.7,269
720,Queens Hospital Center,Self-Pay,Moderate,1,1,10977.32,Health+,15.7,269
720,Richmond University Medical Center,Blue Cross/Blue Shield,Extreme,8,11.75,8076.9975,Mount Sinai,17.93,448
720,Richmond University Medical Center,Blue Cross/Blue Shield,Major,10,5.2,9069.123,Mount Sinai,17.93,448
720,Richmond University Medical Center,Blue Cross/Blue Shield,Minor,1,3,6277.54,Mount Sinai,17.93,448
720,Richmond University Medical Center,Blue Cross/Blue Shield,Moderate,9,4.222222222222222,7357.326666666667,Mount Sinai,17.93,448
720,Richmond University Medical Center,Medicare,Extreme,202,10.470297029702971,9620.580495049506,Mount Sinai,17.93,448
720,Richmond University Medical Center,Medicare,Major,195,7.1179487179487175,8116.698923076923,Mount Sinai,17.93,448
720,Richmond University Medical Center,Medicare,Moderate,40,5.625,6899.262,Mount Sinai,17.93,448
720,Richmond University Medical Center,Private Health Insurance,Extreme,8,13.75,10095.965,Mount Sinai,17.93,448
720,Richmond University Medical Center,Private Health Insurance,Major,20,6.85,7620.7615000000005,Mount Sinai,17.93,448
720,Richmond University Medical Center,Private Health Insurance,Minor,2,5,6422.055,Mount Sinai,17.93,448
720,Richmond University Medical Center,Private Health Insurance,Moderate,6,3.3333333333333335,9140.421666666667,Mount Sinai,17.93,448
720,Richmond University Medical Center,Self-Pay,Moderate,1,6,6869.51,Mount Sinai,17.93,448
720,SBH Health System,Blue Cross/Blue Shield,Moderate,3,3.3333333333333335,5211.34,Others,3.596,422
720,SBH Health System,Medicare,Extreme,59,9.457627118644067,10179.513050847458,Others,3.596,422
720,SBH Health System,Medicare,Major,81,7.382716049382716,6605.765432098766,Others,3.596,422
720,SBH Health System,Medicare,Minor,4,6.25,5141.8150000000005,Others,3.596,422
720,SBH Health System,Medicare,Moderate,24,5.166666666666667,5956.670833333334,Others,3.596,422
720,SBH Health System,Private Health Insurance,Extreme,3,9.333333333333334,5982.966666666666,Others,3.596,422
720,SBH Health System,Private Health Insurance,Major,5,6.6,6327.852,Others,3.596,422
720,SBH Health System,Private Health Insurance,Moderate,3,5,5585.2699999999995,Others,3.596,422
720,SBH Health System,Self-Pay,Extreme,2,4,16152.715,Others,3.596,422
720,SBH Health System,Self-Pay,Major,2,4,9251.005000000001,Others,3.596,422
720,SBH Health System,Self-Pay,Moderate,1,2,6720.43,Others,3.596,422
720,Staten Island University Hosp-North,Blue Cross/Blue Shield,Extreme,20,14.45,11174.548499999999,Northwell,14.9,472
720,Staten Island University Hosp-North,Blue Cross/Blue Shield,Major,19,6.7368421052631575,8132.2300000000005,Northwell,14.9,472
720,Staten Island University Hosp-North,Blue Cross/Blue Shield,Minor,10,2.6,7246.546,Northwell,14.9,472
720,Staten Island University Hosp-North,Blue Cross/Blue Shield,Moderate,35,4.285714285714286,8120.7937142857145,Northwell,14.9,472
720,Staten Island University Hosp-North,Medicare,Extreme,321,10.542056074766355,10200.586510903428,Northwell,14.9,472
720,Staten Island University Hosp-North,Medicare,Major,456,6.530701754385965,8294.045065789474,Northwell,14.9,472
720,Staten Island University Hosp-North,Medicare,Minor,8,4.625,6973.76,Northwell,14.9,472
720,Staten Island University Hosp-North,Medicare,Moderate,149,4.436241610738255,7693.269395973154,Northwell,14.9,472
720,Staten Island University Hosp-North,Private Health Insurance,Extreme,12,9.916666666666666,13542.020833333334,Northwell,14.9,472
720,Staten Island University Hosp-North,Private Health Insurance,Major,24,7.291666666666667,8581.970416666667,Northwell,14.9,472
720,Staten Island University Hosp-North,Private Health Insurance,Minor,14,2.7857142857142856,7468.4742857142855,Northwell,14.9,472
720,Staten Island University Hosp-North,Private Health Insurance,Moderate,29,3.7241379310344827,7627.788275862069,Northwell,14.9,472
720,Staten Island University Hosp-North,Self-Pay,Extreme,2,19.5,14488.94,Northwell,14.9,472
720,Staten Island University Hosp-North,Self-Pay,Major,3,6.333333333333333,8599.446666666667,Northwell,14.9,472
720,Staten Island University Hosp-North,Self-Pay,Minor,1,3,6501.81,Northwell,14.9,472
720,Staten Island University Hosp-North,Self-Pay,Moderate,7,3.2857142857142856,7095.168571428571,Northwell,14.9,472
720,Staten Island University Hosp-South,Blue Cross/Blue Shield,Extreme,2,22.5,11186.619999999999,Northwell,24.36,194
720,Staten Island University Hosp-South,Blue Cross/Blue Shield,Major,9,6,8876.476666666666,Northwell,24.36,194
720,Staten Island University Hosp-South,Blue Cross/Blue Shield,Minor,2,2,12264.755000000001,Northwell,24.36,194
720,Staten Island University Hosp-South,Blue Cross/Blue Shield,Moderate,13,4.3076923076923075,7260.948461538462,Northwell,24.36,194
720,Staten Island University Hosp-South,Medicare,Extreme,82,11.24390243902439,9423.433048780487,Northwell,24.36,194
720,Staten Island University Hosp-South,Medicare,Major,169,7.455621301775148,7592.5197633136095,Northwell,24.36,194
720,Staten Island University Hosp-South,Medicare,Minor,4,3,9052.74,Northwell,24.36,194
720,Staten Island University Hosp-South,Medicare,Moderate,98,4.326530612244898,7228.704693877551,Northwell,24.36,194
720,Staten Island University Hosp-South,Private Health Insurance,Extreme,5,5.4,14574.978000000001,Northwell,24.36,194
720,Staten Island University Hosp-South,Private Health Insurance,Major,13,5,8219.49,Northwell,24.36,194
720,Staten Island University Hosp-South,Private Health Insurance,Minor,6,2.6666666666666665,9171.203333333333,Northwell,24.36,194
720,Staten Island University Hosp-South,Private Health Insurance,Moderate,15,3.8666666666666667,8237.628666666667,Northwell,24.36,194
720,Staten Island University Hosp-South,Self-Pay,Major,1,6,6017.15,Northwell,24.36,194
720,Staten Island University Hosp-South,Self-Pay,Minor,1,2,7655.9,Northwell,24.36,194
720,Staten Island University Hosp-South,Self-Pay,Moderate,2,4,6778.674999999999,Northwell,24.36,194
720,University Hospital of Brooklyn,Blue Cross/Blue Shield,Extreme,3,22.666666666666668,6051.7733333333335,SUNY,2.265,342
720,University Hospital of Brooklyn,Blue Cross/Blue Shield,Major,8,6.125,6150.1325,SUNY,2.265,342
720,University Hospital of Brooklyn,Blue Cross/Blue Shield,Minor,1,9,5192.22,SUNY,2.265,342
720,University Hospital of Brooklyn,Blue Cross/Blue Shield,Moderate,3,5.666666666666667,5440.19,SUNY,2.265,342
720,University Hospital of Brooklyn,Medicare,Extreme,62,15.451612903225806,7648.505,SUNY,2.265,342
720,University Hospital of Brooklyn,Medicare,Major,145,9.558620689655172,6162.338965517241,SUNY,2.265,342
720,University Hospital of Brooklyn,Medicare,Minor,2,6,5555.43,SUNY,2.265,342
720,University Hospital of Brooklyn,Medicare,Moderate,67,7.223880597014926,5584.767462686567,SUNY,2.265,342
720,University Hospital of Brooklyn,Private Health Insurance,Extreme,3,25.333333333333332,6821.87,SUNY,2.265,342
720,University Hospital of Brooklyn,Private Health Insurance,Major,6,8,6501.336666666667,SUNY,2.265,342
720,University Hospital of Brooklyn,Private Health Insurance,Minor,1,2,4513.5,SUNY,2.265,342
720,University Hospital of Brooklyn,Private Health Insurance,Moderate,8,4.5,6394.4325,SUNY,2.265,342
720,University Hospital of Brooklyn,Self-Pay,Major,2,10.5,5851.07,SUNY,2.265,342
720,University Hospital of Brooklyn,Self-Pay,Moderate,1,5,5620.89,SUNY,2.265,342
720,Woodhull Medical & Mental Health Center,Blue Cross/Blue Shield,Extreme,2,12,8230.385,Health+,4.597,364
720,Woodhull Medical & Mental Health Center,Blue Cross/Blue Shield,Minor,1,5,6772.13,Health+,4.597,364
720,Woodhull Medical & Mental Health Center,Blue Cross/Blue Shield,Moderate,1,4,6279.33,Health+,4.597,364
720,Woodhull Medical & Mental Health Center,Medicare,Extreme,82,11.841463414634147,7336.135365853658,Health+,4.597,364
720,Woodhull Medical & Mental Health Center,Medicare,Major,74,9.864864864864865,6456.292702702703,Health+,4.597,364
720,Woodhull Medical & Mental Health Center,Medicare,Minor,1,7,5435.72,Health+,4.597,364
720,Woodhull Medical & Mental Health Center,Medicare,Moderate,27,6.666666666666667,6078.43962962963,Health+,4.597,364
720,Woodhull Medical & Mental Health Center,Private Health Insurance,Extreme,1,1,15302.16,Health+,4.597,364
720,Woodhull Medical & Mental Health Center,Private Health Insurance,Major,4,9.5,5653.31,Health+,4.597,364
720,Woodhull Medical & Mental Health Center,Private Health Insurance,Minor,1,3,8145.32,Health+,4.597,364
720,Woodhull Medical & Mental Health Center,Private Health Insurance,Moderate,6,8.5,6026.9766666666665,Health+,4.597,364
720,Woodhull Medical & Mental Health Center,Self-Pay,Extreme,1,2,7338.45,Health+,4.597,364
720,Woodhull Medical & Mental Health Center,Self-Pay,Moderate,1,7,6007.81,Health+,4.597,364
720,Wyckoff Heights Medical Center,Blue Cross/Blue Shield,Extreme,4,1.25,13780.32,Others,8.72,324
720,Wyckoff Heights Medical Center,Blue Cross/Blue Shield,Major,4,4,10662.8775,Others,8.72,324
720,Wyckoff Heights Medical Center,Blue Cross/Blue Shield,Minor,5,2,8315.61,Others,8.72,324
720,Wyckoff Heights Medical Center,Blue Cross/Blue Shield,Moderate,7,2.2857142857142856,8287.572857142857,Others,8.72,324
720,Wyckoff Heights Medical Center,Medicare,Extreme,100,9.82,9555.8429,Others,8.72,324
720,Wyckoff Heights Medical Center,Medicare,Major,173,7.277456647398844,7169.0705780346825,Others,8.72,324
720,Wyckoff Heights Medical Center,Medicare,Minor,6,4,6014.803333333333,Others,8.72,324
720,Wyckoff Heights Medical Center,Medicare,Moderate,66,4.7727272727272725,6523.774090909091,Others,8.72,324
720,Wyckoff Heights Medical Center,Private Health Insurance,Extreme,11,6.181818181818182,10111.331818181818,Others,8.72,324
720,Wyckoff Heights Medical Center,Private Health Insurance,Major,6,5.333333333333333,10781.743333333334,Others,8.72,324
720,Wyckoff Heights Medical Center,Private Health Insurance,Minor,2,2,5936.610000000001,Others,8.72,324
720,Wyckoff Heights Medical Center,Private Health Insurance,Moderate,9,4.111111111111111,6973.262222222223,Others,8.72,324
720,Wyckoff Heights Medical Center,Self-Pay,Moderate,2,2,6100.885,Others,8.72,324
